frame,context,,,
0,urban,,,
3,urban,,,
7,non-urban,,,
9,urban,,,
10,urban,,,
11,urban,,,
12,urban,,,
13,non-urban,,,
14,non-urban,,,
16,urban,,,
17,urban,,,
18,non-urban,,, 
22,non-urban,,,
26,urban,,,
29,urban,,,
30,urban,,,
32,urban,,,
34,urban,,,
36,urban,,,
38,urban,,,
41,urban,,,
43,urban,,,
44,non-urban,,,
45,urban,,,
46,urban,,,
49,urban,,,
51,urban,,,
54,urban,,,
55,non-urban,,,
56,non-urban,,,
57,non-urban,,,
60,non-urban,,,
64,urban,,,
67,urban,,,
68,urban,,,
69,urban,,,
70,urban,,,
71,urban,,,
72,non-urban,,,
73,urban,,,
74,urban,,,
75,urban,,,
79,urban,,,
80,non-urban,,,
82,non-urban,,,
83,non-urban,,,
84,urban,,,
85,urban,,,
86,urban,,,
87,urban,,,
88,urban,,,
91,urban,,,
92,urban,,,
96,urban,,,
96,urban,,,
97,urban,,,
99,urban,,,
100,urban,,,
101,non-urban,,,
103,urban,,,
105,urban,,,
109,urban,,,
110,urban,,,
111,urban,,,
112,urban,,,
113,urban,,,
114,urban,,,
115,urban,,,
119,non-urban,,,
120,urban,,,
121,urban,,,
123,non-urban,,,
125,non-urban,,,
127,urban,,,
129,urban,,,
130,urban,,,
131,urban,,,
133,urban,,,
136,urban,,,
138,non-urban,,,
141,non-urban,,,
142,urban,,,
144,urban,,,
145,urban,,,
146,urban,,,
148,urban,,,
149,urban,,,
150,non-urban,,,
154,urban,,,
155,urban,,,
157,urban,,,
158,urban,,,
160,non-urban,,,
162,non-urban,,,
163,non-urban,,,
164,urban,,,
165,urban,,,
166,urban,,,
171,non-urban,,,
172,urban,,,
176,urban,,,
177,urban,,,
178,urban,,,
179,urban,,,
180,urban,,,
184,urban,,,
185,urban,,,
189,urban,,,
193,urban,,,
198,urban,,,
200,urban,,,
202,non-urban,,,
205,urban,,,
206,non-urban,,,
208,non-urban,,,
209,non-urban,,,
210,urban,,,
214,urban,,,
215,urban,,,
217,urban,,,
219,non-urban,,,
220,urban,,,
221,non-urban,,,
222,non-urban,,,
225,non-urban,,,
227,urban,,,
228,urban,,,
232,urban,,,
233,urban,,,
238,urban,,,
240,urban,,,
241,urban,,,
243,urban,,,
244,urban,,,
245,urban,,,
253,urban,,,
254,urban,,,
255,non-urban,,,
256,urban,,,
257,non-urban,,,
258,urban,,,
259,non-urban,,,
261,non-urban,,,
264,urban,,,
267,non-urban,,,
271,urban,,,
274,urban,,,
275,urban,,,
276,urban,,,
277,urban,,,
280,non-urban,,,
282,urban,,,
285,urban,,,
286,urban,,,
287,urban,,,
288,urban,,,
292,urban,,,
294,urban,,,
295,urban,,,
296,urban,,,
298,urban,,,
299,urban,,,
300,urban,,,
303,urban,,,
304,urban,,,
310,urban,,,
313,urban,,,
316,urban,,,
317,urban,,,
318,urban,,,
322,non-urban,,,
326,urban,,,
330,urban,,,
331,urban,,,
334,urban,,,
337,urban,,,
338,non-urban,,,
339,urban,,,
342,urban,,,
344,urban,,,
348,urban,,,
349,urban,,,
353,urban,,,
358,non-urban,,,
363,urban,,,
364,urban,,,
367,urban,,,
368,urban,,,
371,urban,,,
374,urban,,,
375,non-urban,,,
380,urban,,,
384,urban,,,
387,urban,,,
389,urban,,,
390,urban,,,
400,urban,,,
405,urban,,,
406,urban,,,
410,urban,,,
411,urban,,,
412,urban,,,
416,urban,,,
417,urban,,,
418,urban,,,
421,urban,,,
423,urban,,,
424,urban,,,
426,urban,,,
426,urban,,,
431,urban,,,
432,urban,,,
433,urban,,,
434,non-urban,,,
435,non-urban,,,
438,urban,,,
439,non-urban,,,
441,urban,,,
442,urban,,,
444,urban,,,
445,urban,,,
447,urban,,,
449,urban,,,
456,urban,,,
458,urban,,,
460,non-urban,,,
461,urban,,,
462,urban,,,
464,non-urban,,,
465,urban,,,
466,non-urban,,,
467,urban,,,
470,urban,,,
471,urban,,,
474,urban,,,
482,urban,,,
483,urban,,,
484,urban,,,
487,urban,,,
488,urban,,,
490,urban,,,
497,urban,,,
500,urban,,,
501,urban,,,
502,non-urban,,,
507,urban,,,
511,non-urban,,,
513,urban,,,
514,urban,,,
516,urban,,,
518,urban,,,
520,urban,,,
522,urban,,,
523,urban,,,
525,non-urban,,,
526,non-urban,,,
529,urban,,,
531,urban,,,
532,urban,,,
534,urban,,,
535,urban,,,
537,non-urban,,,
538,urban,,,
539,non-urban,,,
540,urban,,,
544,urban,,,
547,non-urban,,,
549,urban,,,
550,non-urban,,,
552,urban,,,
553,urban,,,
556,non-urban,,,
557,urban,,,
562,urban,,,
563,urban,,,
565,non-urban,,,
570,urban,,,
573,urban,,,
574,urban,,,
575,urban,,,
576,urban,,,
577,urban,,,
578,non-urban,,,
579,urban,,,
580,urban,,,
582,urban,,,
584,urban,,,
584,non-urban,,,
586,urban,,,
587,urban,,,
592,urban,,,
593,non-urban,,,
594,urban,,,
596,urban,,,
597,urban,,,
598,urban,,,
599,urban,,,
602,urban,,,
603,non-urban,,,
605,urban,,,
606,urban,,,
607,non-urban,,,
608,urban,,,
609,urban,,,
616,urban,,,
617,urban,,,
621,urban,,,
622,urban,,,
623,urban,,,
627,urban,,,
629,urban,,,
631,urban,,,
632,urban,,,
633,urban,,,
637,urban,,,
638,urban,,,
640,non-urban,,,
641,urban,,,
643,urban,,,
646,urban,,,
649,urban,,,
651,urban,,,
652,non-urban,,,
653,non-urban,,,
656,non-urban,,,
661,urban,,,
662,urban,,,
664,non-urban,,,
665,non-urban,,,
666,non-urban,,,
668,non-urban,,,
671,urban,,,
672,urban,,,
673,urban,,,
675,urban,,,
676,non-urban,,,
678,non-urban,,,
680,urban,,,
681,urban,,,
685,urban,,,
686,non-urban,,,
687,non-urban,,,
688,urban,,,
689,urban,,,
690,non-urban,,,
693,non-urban,,,
695,urban,,,
697,non-urban,,,
701,urban,,,
703,urban,,,
705,non-urban,,,
709,non-urban,,,
710,urban,,,
711,non-urban,,,
712,urban,,,
713,non-urban,,,
714,urban,,,
715,non-urban,,,
719,non-urban,,,
720,urban,,,
723,non-urban,,,
724,non-urban,,,
726,urban,,,
730,urban,,,
732,urban,,,
733,urban,,,
735,urban,,,
738,urban,,,
739,non-urban,,,
742,urban,,,
743,non-urban,,,
744,urban,,,
749,non-urban,,,
753,urban,,,
755,urban,,,
757,urban,,,
758,non-urban,,,
759,non-urban,,,
760,urban,,,
762,urban,,,
763,non-urban,,,
764,urban,,,
770,urban,,,
775,non-urban,,,
776,non-urban,,,
777,non-urban,,,
780,urban,,,
781,urban,,,
783,urban,,,
784,urban,,,
785,urban,,,
786,non-urban,,,
787,non-urban,,,
788,urban,,,
789,urban,,,
791,urban,,,
793,urban,,,
794,urban,,,
796,urban,,,
797,urban,,,
799,urban,,,
808,urban,,,
813,urban,,,
814,urban,,,
815,non-urban,,,
817,urban,,,
818,urban,,,
820,non-urban,,,
821,urban,,,
822,non-urban,,,
824,urban,,,
825,urban,,,
827,urban,,,
828,non-urban,,,
829,non-urban,,,
830,urban,,,
832,non-urban,,,
833,urban,,,
834,non-urban,,,
835,non-urban,,,
836,urban,,,
839,non-urban,,,
842,urban,,,
845,urban,,,
846,non-urban,,,
851,urban,,,
853,non-urban,,,
855,non-urban,,,
856,urban,,,
857,urban,,,
858,urban,,,
860,non-urban,,,
861,urban,,,
864,urban,,,
866,urban,,,
867,urban,,,
868,urban,,,
870,urban,,,
871,non-urban,,,
872,non-urban,,,
880,non-urban,,,
882,urban,,,
883,non-urban,,,
886,non-urban,,,
887,non-urban,,,
888,urban,,,
890,non-urban,,,
891,non-urban,,,
892,urban,,,
895,urban,,,
896,urban,,,
898,non-urban,,,
900,urban,,,
901,urban,,,
902,non-urban,,,
903,non-urban,,,
905,non-urban,,,
906,non-urban,,,
908,urban,,,
910,urban,,,
913,urban,,,
914,urban,,,
918,urban,,,
919,non-urban,,,
921,urban,,,
924,non-urban,,,
925,non-urban,,,
927,urban,,,
929,urban,,,
933,non-urban,,,
934,urban,,,
935,urban,,,
936,urban,,,
937,urban,,,
941,non-urban,,,
945,urban,,,
946,urban,,,
947,urban,,,
950,non-urban,,,
951,urban,,,
954,non-urban,,,
955,urban,,,
957,urban,,,
959,urban,,,
960,non-urban,,,
962,non-urban,,,
965,urban,,,
968,non-urban,,,
972,urban,,,
975,urban,,,
977,urban,,,
978,non-urban,,,
980,urban,,,
982,urban,,,
987,non-urban,,,
989,non-urban,,,
990,urban,,,
992,urban,,,
993,non-urban,,,
994,non-urban,,,
995,non-urban,,,
996,urban,,,
997,urban,,,
998,urban,,,
1000,urban,,,
1001,urban,,,
1003,non-urban,,,
1004,non-urban,,,
1005,urban,,,
1009,non-urban,,,
1016,urban,,,
1017,non-urban,,,
1020,non-urban,,,
1023,non-urban,,,
1024,non-urban,,,
1028,non-urban,,,
1029,urban,,,
1030,urban,,,
1031,urban,,,
1032,urban,,,
1033,urban,,,
1034,urban,,,
1036,urban,,,
1038,urban,,,
1040,urban,,,
1041,urban,,,
1044,urban,,,
1045,urban,,,
1047,non-urban,,,
1048,urban,,,
1040,urban,,,
1041,urban,,,
1045,urban,,,
1047,non-urban,,,
1048,urban,,,
1049,urban,,,
1052,urban,,,
1056,non-urban,,,
1057,urban,,,
1059,urban,,,
1060,urban,,,
1061,urban,,,
1062,urban,,,
1064,non-urban,,,
1072,non-urban,,,
1073,urban,,,
1074,urban,,,
1079,urban,,,
1080,urban,,,
1081,non-urban,,,
1082,urban,,,
1085,non-urban,,,
1087,urban,,,
1090,non-urban,,,
1091,urban,,,
1092,non-urban,,,
1093,urban,,,
1098,urban,,,
1100,non-urban,,,
1103,urban,,,
1105,urban,,,
1109,non-urban,,,
1110,urban,,,
1112,urban,,,
1117,non-urban,,,
1119,urban,,,
1121,non-urban,,,
1122,non-urban,,,
1124,urban,,,
1126,non-urban,,,
1128,non-urban,,,
1130,non-urban,,,
1137,urban,,,
1142,urban,,,
1146,non-urban,,,
1151,non-urban,,,
1156,non-urban,,,
1157,non-urban,,,
1159,non-urban,,,
1160,urban,,,
1161,urban,,,
1164,non-urban,,,
1165,non-urban,,,
1166,urban,,,
1168,non-urban,,,
1169,urban,,,
1170,urban,,,
1171,non-urban,,,
1174,urban,,,
1175,urban,,,
1181,non-urban,,,
1184,non-urban,,,
1185,non-urban,,,
1186,non-urban,,,
1190,urban,,,
1196,non-urban,,,
1197,non-urban,,,
1200,urban,,,
1201,non-urban,,,
1202,non-urban,,,
1204,non-urban,,,
1205,urban,,,
1208,urban,,,
1209,urban,,,
1210,non-urban,,,
1211,urban,,,
1212,non-urban,,,
1215,urban,,,
1219,non-urban,,,
1220,urban,,,
1223,urban,,,
1227,urban,,,
1229,non-urban,,,
1231,urban,,,
1233,urban,,,
1238,non-urban,,,
1240,non-urban,,,
1247,non-urban,,,
1248,urban,,,
1250,non-urban,,,
1256,urban,,,
1258,non-urban,,,
1262,urban,,,
1264,non-urban,,,
1276,urban,,,
1277,urban,,,
1278,non-urban,,,
1279,urban,,,
1280,urban,,,
1282,non-urban,,,
1283,non-urban,,,
1285,non-urban,,,
1288,urban,,,
1290,urban,,,
1293,urban,,,
1297,urban,,,
1298,non-urban,,,
1299,urban,,,
1300,urban,,,
1301,urban,,,
1302,non-urban,,,
1309,non-urban,,,
1310,urban,,,
1311,urban,,,
1312,non-urban,,,
1313,urban,,,
1315,non-urban,,,
1316,non-urban,,,
1319,urban,,,
1320,non-urban,,,
1321,non-urban,,,
1322,urban,,,
1326,urban,,,
1324,non-urban,,,
1325,non-urban,,,
1326,non-urban,,,
1327,urban,,,
1328,urban,,,
1335,non-urban,,,
1338,urban,,,
1340,urban,,,
1341,urban,,,
1343,urban,,,
1348,urban,,,
1349,urban,,,
1351,non-urban,,,
1354,urban,,,
1357,urban,,,
1358,urban,,,
1360,non-urban,,,
1361,non-urban,,,
1362,non-urban,,,
1364,non-urban,,,
1366,urban,,,
1367,non-urban,,,
1368,urban,,,
1369,urban,,,
1370,urban,,,
1371,urban,,,
1373,non-urban,,,
1378,non-urban,,,
1379,urban,,,
1383,urban,,,
1385,non-urban,,,
1390,non-urban,,,
1392,urban,,,
1393,urban,,,
1394,urban,,,
1396,urban,,,
1399,non-urban,,,
1400,non-urban,,,
1401,urban,,,
1402,non-urban,,,
1403,non-urban,,,
1404,urban,,,
1405,urban,,,
1406,urban,,,
1408,non-urban,,,
1409,urban,,,
1413,urban,,,
1414,non-urban,,,
1417,non-urban,,,
1418,urban,,,
1420,urban,,,
1422,urban,,,
1423,urban,,,
1425,urban,,,
1426,urban,,,
1428,urban,,,
1429,urban,,,
1430,non-urban,,,
1433,urban,,,
1434,urban,,,
1436,non-urban,,,
1440,urban,,,
1444,urban,,,
1447,non-urban,,,
1449,urban,,,
1452,non-urban,,,
1453,non-urban,,,
1454,urban,,,
1455,non-urban,,,
1456,urban,,,
1457,urban,,,
1459,urban,,,
1460,urban,,,
1462,urban,,,
1464,urban,,,
1465,urban,,,
1467,urban,,,
1468,urban,,,
1470,non-urban,,,
1472,urban,,,
1473,urban,,,
1474,urban,,,
1475,non-urban,,,
1476,urban,,,
1479,urban,,,
1482,non-urban,,,
1483,non-urban,,,
1484,non-urban,,,
1486,non-urban,,,
1490,non-urban,,,
1491,non-urban,,,
1492,non-urban,,,
1493,non-urban,,,
1494,urban,,,
1496,non-urban,,,
1498,non-urban,,,
1499,non-urban,,,
1500,non-urban,,,
1503,non-urban,,,
1504,urban,,,
1505,urban,,,
1506,urban,,,
1509,urban,,,
1510,non-urban,,,
1512,urban,,,
1515,non-urban,,,
1518,urban,,,
1519,urban,,,
1520,non-urban,,,
1523,urban,,,
1529,urban,,,
1530,non-urban,,,
1531,non-urban,,,
1532,non-urban,,,
1534,urban,,,
1539,non-urban,,,
1540,urban,,,
1541,urban,,,
1543,urban,,,
1544,urban,,,
1548,urban,,,
1550,urban,,,
1551,urban,,,
1553,urban,,,
1554,urban,,,
1556,non-urban,,,
1558,urban,,,
1559,non-urban,,,
1561,non-urban,,,
1563,non-urban,,,
1566,non-urban,,,
1568,urban,,,
1570,non-urban,,,
1571,urban,,,
1572,urban,,,
1575,non-urban,,,
1578,urban,,,
1580,urban,,,
1581,non-urban,,,
1584,urban,,,
1593,urban,,,
1595,urban,,,
1598,non-urban,,,
1599,urban,,,
1601,urban,,,
1604,urban,,,
1607,urban,,,
1608,urban,,,
1609,urban,,,
1611,urban,,,
1612,urban,,,
1614,urban,,,
1618,non-urban,,,
1620,urban,,,
1622,urban,,,
1623,non-urban,,,
1624,urban,,,
1626,non-urban,,,
1628,urban,,,
1630,urban,,,
1632,urban,,,
1636,urban,,,
1637,non-urban,,,
1638,urban,,,
1639,non-urban,,,
1641,non-urban,,,
1642,non-urban,,,
1644,urban,,,
1646,urban,,,
1648,urban,,,
1649,urban,,,
1651,urban,,,
1652,urban,,,
1653,urban,,,
1655,non-urban,,,
1657,urban,,,
1659,urban,,,
1661,urban,,,
1663,urban,,,
1668,non-urban,,,
1669,urban,,,
1671,non-urban,,,
1672,urban,,,
1673,urban,,,
1674,urban,,,
1676,non-urban,,,
1677,urban,,,
1678,urban,,,
1679,non-urban,,,
1681,urban,,,
1685,urban,,,
1686,urban,,,
1687,urban,,,
1688,urban,,,
1690,urban,,,
1691,urban,,,
1692,urban,,,
1695,urban,,,
1696,urban,,,
1698,non-urban,,,
1700,non-urban,,,
1703,non-urban,,,
1708,urban,,,
1715,non-urban,,,
1716,urban,,,
1720,urban,,,
1723,urban,,,
1723,urban,,,
1725,urban,,,
1728,non-urban,,,
1730,non-urban,,,
1731,urban,,,
1734,non-urban,,,
1735,non-urban,,,
1736,urban,,,
1737,non-urban,,,
1738,urban,,,
1739,non-urban,,,
1743,urban,,,
1744,urban,,,
1747,urban,,,
1748,non-urban,,,
1753,non-urban,,,
1754,urban,,,
1756,non-urban,,,
1757,non-urban,,,
1759,non-urban,,,
1760,urban,,,
1761,non-urban,,,
1763,urban,,,
1766,urban,,,
1767,urban,,,
1769,urban,,,
1770,urban,,,
1773,urban,,,
1775,non-urban,,,
1777,urban,,,
1779,non-urban,,,
1784,non-urban,,,
1785,urban,,,
1788,urban,,,
1789,urban,,,
1790,urban,,,
1791,urban,,,
1792,non-urban,,,
1793,non-urban,,,
1796,non-urban,,,
1798,non-urban,,,
1799,non-urban,,,
1803,urban,,,
1805,non-urban,,,
1806,urban,,,
1809,non-urban,,,
1810,non-urban,,,
1811,non-urban,,,
1812,urban,,,
1815,non-urban,,,
1816,non-urban,,,
1819,urban,,,
1821,urban,,,
1826,non-urban,,,
1827,non-urban,,,
1829,non-urban,,,
1830,non-urban,,,
1832,non-urban,,,
1833,urban,,,
1834,non-urban,,,
1836,non-urban,,,
1837,urban,,,
1838,urban,,,
1839,urban,,,
1841,urban,,,
1842,urban,,,
1843,urban,,,
1845,non-urban,,,
1847,urban,,,
1849,non-urban,,,
1850,non-urban,,,
1857,urban,,,
1860,urban,,,
1864,urban,,,
1865,non-urban,,,
1866,non-urban,,,
1870,urban,,,
1871,non-urban,,,
1873,urban,,,
1874,urban,,,
1876,non-urban,,,
1879,urban,,,
1882,urban,,,
1883,non-urban,,,
1889,non-urban,,,
1891,urban,,,
1894,non-urban,,,
1895,urban,,,
1896,urban,,,
1899,non-urban,,,
1901,non-urban,,,
1902,urban,,,
1903,urban,,,
1906,non-urban,,,
1907,non-urban,,,
1908,urban,,,
1910,urban,,,
1911,urban,,,
1912,urban,,,
1913,urban,,,
1914,non-urban,,,
1915,urban,,,
1916,urban,,,
1917,urban,,,
1918,non-urban,,,
1921,urban,,,
1922,non-urban,,,
1930,non-urban,,,
1935,non-urban,,,
1938,urban,,,
1939,urban,,,
1944,urban,,,
1947,urban,,,
1948,urban,,,
1949,urban,,,
1950,urban,,,
1951,urban,,,
1953,non-urban,,,
1955,non-urban,,,
1956,non-urban,,,
1957,urban,,,
1958,urban,,,
1961,non-urban,,,
1962,urban,,,
1963,urban,,,
1964,urban,,,
1965,non-urban,,,
1968,urban,,,
1970,urban,,,
1971,urban,,,
1973,non-urban,,,
1974,urban,,,
1975,non-urban,,,
1976,urban,,,
1975,urban,,,
1981,urban,,,
1988,urban,,,
1990,urban,,,
1992,urban,,,
1993,urban,,,
1994,urban,,,
1998,urban,,,
2003,urban,,,
2005,urban,,,
2006,urban,,,
2007,urban,,,
2009,urban,,,
2015,urban,,,
2016,urban,,,
2018,urban,,,
2020,urban,,,
2023,urban,,,
2024,urban,,,
2026,urban,,,
2030,urban,,,
2031,urban,,,
2032,urban,,,
2033,urban,,,
2040,urban,,,
2041,urban,,,
2047,urban,,,
2051,urban,,,
2053,urban,,,
2055,non-urban,,,
2059,urban,,,
2060,urban,,,
2061,non-urban,,,
2063,urban,,,
2064,urban,,,
2065,urban,,,
2066,non-urban,,,
2067,urban,,,
2069,non-urban,,,
2070,non-urban,,,
2072,non-urban,,,
2077,urban,,,
2080,urban,,,
2083,non-urban,,,
2084,non-urban,,,
2088,urban,,,
2090,non-urban,,,
2092,non-urban,,,
2095,urban,,,
2096,non-urban,,,
2097,non-urban,,,
2098,non-urban,,,
2099,urban,,,
2104,urban,,,
2105,urban,,,
2106,urban,,,
2109,urban,,,
2110,urban,,,
2114,non-urban,,,
2116,non-urban,,,
2117,urban,,,
2119,urban,,,
2122,urban,,,
2125,non-urban,,,
2126,urban,,,
2129,urban,,,
2132,urban,,,
2133,urban,,,
2134,urban,,,
2141,urban,,,
2143,urban,,,
2144,urban,,,
2145,non-urban,,,
2146,urban,,,
2147,urban,,,
2148,non-urban,,,
2149,urban,,,
2150,non-urban,,,
2154,non-urban,,,
2155,urban,,,
2156,urban,,,
2157,urban,,,
2162,non-urban,,,
2164,urban,,,
2167,urban,,,
2171,urban,,,
2172,urban,,,
2174,urban,,,
2175,urban,,,
2176,urban,,,
2178,urban,,,
2180,urban,,,
2181,urban,,,
2184,non-urban,,,
2186,non-urban,,,
2189,urban,,,
2190,urban,,,
2191,urban,,,
2192,non-urban,,,
2194,urban,,,
2195,non-urban,,,
2197,urban,,,
2198,urban,,,
2199,urban,,,
2203,non-urban,,,
2204,non-urban,,,
2205,urban,,,
2208,non-urban,,,
2210,non-urban,,,
2211,urban,,,
2212,urban,,,
2213,urban,,,
2214,non-urban,,,
2217,urban,,,
2221,urban,,,
2222,non-urban,,,
2223,urban,,,
2226,urban,,,
2227,urban,,,
2230,urban,,,
2231,urban,,,
2235,urban,,,
2236,urban,,,
2237,urban,,,
2238,non-urban,,,
2240,urban,,,
2241,non-urban,,,
2242,non-urban,,,
2244,non-urban,,,
2247,urban,,,
2249,urban,,,
2252,non-urban,,,
2253,urban,,,
2256,urban,,,
2259,urban,,,
2261,urban,,,
2263,urban,,,
2264,urban,,,
2265,urban,,,
2267,urban,,,
2268,urban,,,
2269,non-urban,,,
2270,non-urban,,,
2271,urban,,,
2273,urban,,,
2274,non-urban,,,
2275,urban,,,
2278,urban,,,
2281,urban,,,
2285,urban,,,
2288,urban,,,
2289,urban,,,
2296,urban,,,
2297,non-urban,,,
2301,urban,,,
2302,urban,,,
2305,urban,,,
2309,urban,,,
2311,urban,,,
2312,urban,,,
2313,urban,,,
2316,urban,,,
2317,urban,,,
2318,urban,,,
2321,non-urban,,,
2322,urban,,,
2323,non-urban,,,
2324,urban,,,
2326,non-urban,,,
2328,urban,,,
2331,urban,,,
2333,urban,,,
2335,urban,,,
2339,urban,,,
2342,urban,,,
2343,non-urban,,,
2349,urban,,,
2350,urban,,,
2351,urban,,,
2352,urban,,,
2354,non-urban,,,
2355,non-urban,,,
2358,urban,,,
2360,urban,,,
2361,urban,,,
2363,urban,,,
2364,urban,,,
2368,urban,,,
2371,urban,,,
2373,non-urban,,,
2374,non-urban,,,
2375,urban,,,
2377,urban,,,
2379,urban,,,
2381,urban,,,
2388,urban,,,
2389,urban,,,
2390,urban,,,
2394,non-urban,,,
2395,urban,,,
2396,non-urban,,,
2400,urban,,,
2401,non-urban,,,
2402,urban,,,
2403,urban,,,
2406,non-urban,,,
2407,non-urban,,,
2408,urban,,,
2409,urban,,,
2410,urban,,,
2412,urban,,,
2413,urban,,,
2416,urban,,,
2417,non-urban,,,
2421,urban,,,
2426,urban,,,
2427,urban,,,
2430,non-urban,,,
2431,urban,,,
2435,urban,,,
2436,urban,,,
2437,non-urban,,,
2438,non-urban,,,
2441,non-urban,,,
2443,urban,,,
2444,urban,,,
2445,urban,,,
2447,non-urban,,,
2448,urban,,,
2449,urban,,,
2451,urban,,,
2452,urban,,,
2453,urban,,,
2456,urban,,,
2459,urban,,,
2464,urban,,,
2465,urban,,,
2466,urban,,,
2467,non-urban,,,
2468,urban,,,
2469,non-urban,,,
2470,urban,,,
2471,urban,,,
2472,urban,,,
2475,non-urban,,,
2480,urban,,,
2481,urban,,,
2481,non-urban,,,
2482,non-urban,,,
2485,urban,,,
2487,urban,,,
2489,urban,,,
2491,non-urban,,,
2493,urban,,,
2494,urban,,,
2496,urban,,,
2498,non-urban,,,
2501,urban,,,
2507,urban,,,
2508,urban,,,
2510,urban,,,
2512,non-urban,,,
2513,non-urban,,,
2514,non-urban,,,
2515,non-urban,,,
2517,urban,,,
2518,non-urban,,,
2522,urban,,,
2523,urban,,,
2524,urban,,,
2527,urban,,,
2533,urban,,,
2535,urban,,,
2536,urban,,,
2537,urban,,,
2542,urban,,,
2544,urban,,,
2545,non-urban,,,
2547,urban,,,
2549,urban,,,
2550,non-urban,,,
2551,urban,,,
2553,urban,,,
2554,urban,,,
2555,urban,,,
2559,urban,,,
2560,non-urban,,,
2561,urban,,,
2566,non-urban,,,
2567,urban,,,
2571,urban,,,
2573,urban,,,
2576,urban,,,
2578,urban,,,
2579,urban,,,
2582,non-urban,,,
2587,urban,,,
2588,urban,,,
2589,urban,,,
2591,non-urban,,,
2592,non-urban,,,
2605,urban,,,
2607,urban,,,
2608,non-urban,,,
2609,urban,,,
2610,non-urban,,,
2611,urban,,,
2614,urban,,,
2616,urban,,,
2617,urban,,,
2618,urban,,,
2620,non-urban,,,
2622,non-urban,,,
2623,non-urban,,,
2624,non-urban,,,
2627,urban,,,
2629,urban,,,
2632,urban,,,
2634,urban,,,
2637,urban,,,
2639,urban,,,
2642,non-urban,,,
2643,urban,,,
2647,urban,,,
2648,urban,,,
2649,urban,,,
2650,urban,,,
2652,urban,,,
2654,urban,,,
2655,non-urban,,,
2658,urban,,,
2659,non-urban,,,
2660,urban,,,
2662,urban,,,
2664,urban,,,
2665,urban,,,
2667,urban,,,
2668,urban,,,
2670,urban,,,
2671,urban,,,
2672,urban,,,
2676,urban,,,
2678,urban,,,
2679,urban,,,
2682,urban,,,
2683,urban,,,
2684,non-urban,,,
2687,urban,,,
2688,urban,,,
2689,urban,,,
2691,urban,,,
2697,urban,,,
2698,urban,,,
2700,non-urban,,,
2701,urban,,,
2703,urban,,,
2704,urban,,,
2705,urban,,,
2708,urban,,,
2714,urban,,,
2716,urban,,,
2718,urban,,,
2718,non-urban,,,
2723,urban,,,
2731,urban,,,
2732,non-urban,,,
2733,non-urban,,,
2734,urban,,,
2736,non-urban,,,
2738,urban,,,
2739,urban,,,
2741,urban,,,
2743,urban,,,
2750,urban,,,
2751,urban,,,
2754,urban,,,
2756,non-urban,,,
2759,non-urban,,,
2762,urban,,,
2766,urban,,,
2768,urban,,,
2769,urban,,,
2770,urban,,,
2771,urban,,,
2774,urban,,,
2776,non-urban,,,
2776,non-urban,,,
2778,urban,,,
2779,urban,,,
2780,urban,,,
2781,urban,,,
2782,urban,,,
2784,non-urban,,,
2785,urban,,,
2788,urban,,,
2790,urban,,,
2791,urban,,,
2792,urban,,,
2795,non-urban,,,
2798,urban,,,
2799,urban,,,
2802,urban,,,
2803,urban,,,
2807,urban,,,
2808,urban,,,
2813,urban,,,
2816,urban,,,
2817,urban,,,
2819,urban,,,
2821,urban,,,
2822,urban,,,
2823,urban,,,
2824,urban,,,
2825,urban,,,
2829,urban,,,
2832,urban,,,
2834,urban,,,
2835,non-urban,,,
2837,urban,,,
2838,urban,,,
2842,non-urban,,,
2843,urban,,,
2849,urban,,,
2850,urban,,,
2851,urban,,,
2852,non-urban,,,
2854,non-urban,,,
2855,urban,,,
2857,urban,,,
2859,urban,,,
2860,urban,,,
2862,non-urban,,,
2864,urban,,,
2865,urban,,,
2868,urban,,,
2869,urban,,,
2870,urban,,,
2871,urban,,,
2872,urban,,,
2873,urban,,,
2874,urban,,,
2882,non-urban,,,
2884,non-urban,,,
2886,urban,,,
2887,urban,,,
2888,urban,,,
2897,urban,,,
2898,urban,,,
2899,urban,,,
2904,urban,,,
2906,urban,,,
2907,urban,,,
2909,non-urban,,,
2910,non-urban,,,
2912,urban,,,
2913,urban,,,
2915,urban,,,
2918,urban,,,
2920,urban,,,
2921,urban,,,
2922,urban,,,
2923,urban,,,
2926,urban,,,
2927,urban,,,
2929,urban,,,
2931,urban,,,
2932,non-urban,,,
2933,urban,,,
2936,urban,,,
2938,urban,,,
2939,urban,,,
2940,urban,,,
2941,urban,,,
2943,urban,,,
2946,non-urban,,,
2949,urban,,,
2950,urban,,,
2952,urban,,,
2954,urban,,,
2956,urban,,,
2965,urban,,,
2967,urban,,,
2698,urban,,,
2969,urban,,,
2970,urban,,,
2972,urban,,,
2973,urban,,,
2975,urban,,,
2980,urban,,,
2981,non-urban,,,
2983,urban,,,
2986,urban,,,
2987,urban,,,
2989,urban,,,
2990,urban,,,
2992,urban,,,
2996,urban,,,
2998,urban,,,
3002,urban,,,
3008,urban,,,
3009,urban,,,
3012,urban,,,
3013,urban,,,
3014,urban,,,
3015,urban,,,
3016,urban,,,
3017,urban,,,
3018,urban,,,
3020,urban,,,
3021,urban,,,
3023,urban,,,
3026,urban,,,
3028,urban,,,
3036,urban,,,
3037,non-urban,,,
3039,urban,,,
3040,non-urban,,,
3041,urban,,,
3044,non-urban,,,
3045,non-urban,,,
3049,urban,,,
3051,urban,,,
3057,urban,,,
3059,urban,,,
3060,non-urban,,,
3063,non-urban,,,
3064,urban,,,
3068,urban,,,
3069,non-urban,,,
3070,urban,,,
3072,urban,,,
3075,urban,,,
3077,non-urban,,,
3078,urban,,,
3079,urban,,,
3081,urban,,,
3083,urban,,,
3084,urban,,,
3085,urban,,,
3086,urban,,,
3089,non-urban,,,
3091,urban,,,
3092,non-urban,,,
3093,urban,,,
3095,urban,,,
3097,urban,,,
3098,non-urban,,,
3100,urban,,,
3104,urban,,,
3105,non-urban,,,
3108,urban,,,
3111,non-urban,,,
3113,urban,,,
3115,urban,,,
3117,non-urban,,,
3119,urban,,,
3125,non-urban,,,
3128,urban,,,
3130,urban,,,
3132,urban,,,
3138,non-urban,,,
3139,non-urban,,,
3140,urban,,,
3152,non-urban,,,
3154,non-urban,,,
3155,non-urban,,,
3157,urban,,,
3158,non-urban,,,
3160,urban,,,
3163,urban,,,
3164,urban,,,
3166,non-urban,,,
3168,urban,,,
3169,urban,,,
3171,urban,,,
3173,non-urban,,,
3176,non-urban,,,
3178,urban,,,
3184,urban,,,
3185,urban,,,
3186,non-urban,,,
3188,non-urban,,,
3189,non-urban,,,
3191,non-urban,,,
3193,urban,,,
3195,urban,,,
3196,urban,,,
3198,urban,,,
3200,urban,,,
3201,urban,,,
3205,non-urban,,,
3206,urban,,,
3208,urban,,,
3209,urban,,,
3212,urban,,,
3213,non-urban,,,
3215,urban,,,
3218,urban,,,
3220,urban,,,
3223,non-urban,,,
3227,urban,,,
3230,urban,,,
3234,urban,,,
3235,urban,,,
3237,urban,,,
3238,urban,,,
3241,non-urban,,,
3244,urban,,,
3245,urban,,,
3246,urban,,,
3248,non-urban,,,
3249,urban,,,
3253,urban,,,
3256,urban,,,
3258,urban,,,
3260,urban,,,
3261,urban,,,
3262,urban,,,
3263,urban,,,
3264,urban,,,
3267,urban,,,
3268,non-urban,,,
3271,non-urban,,,
3273,urban,,,
3274,urban,,,
3277,urban,,,
3278,non-urban,,,
3279,urban,,,
3274,urban,,,
3277,urban,,,
3278,non-urban,,,
3279,urban,,,
3282,urban,,,
3284,urban,,,
3285,non-urban,,,
3286,urban,,,
3287,urban,,,
3289,urban,,,
3290,urban,,,
3291,urban,,,
3293,urban,,,
3294,urban,,,
3297,urban,,,
3299,urban,,,
3303,urban,,,
3307,urban,,,
3309,urban,,,
3311,urban,,,
3314,urban,,,
3317,urban,,,
3320,urban,,,
3321,urban,,,
3326,urban,,,
3327,urban,,,
3328,urban,,,
3329,urban,,,
3332,urban,,,
3333,urban,,,
3334,urban,,,
3335,urban,,,
3336,urban,,,
3339,urban,,,
3340,urban,,,
3342,urban,,,
3344,urban,,,
3345,urban,,,
3348,non-urban,,,
3349,urban,,,
3345,urban,,,
3356,urban,,,
3359,urban,,,
3360,urban,,,
3361,urban,,,
3362,urban,,,
3363,urban,,,
3369,urban,,,
3371,urban,,,
3372,urban,,,
3374,urban,,,
3376,non-urban,,,
3377,urban,,,
3378,urban,,,
3380,urban,,,
3381,urban,,,
3382,urban,,,
3383,urban,,,
3384,urban,,,
3387,urban,,,
3388,urban,,,
3389,urban,,,
3390,urban,,,
3391,urban,,,
3392,urban,,,
3398,urban,,,
3400,non-urban,,,
3413,non-urban,,,
3414,urban,,,
3416,urban,,,
3418,urban,,,
3420,non-urban,,,
3423,non-urban,,,
3424,urban,,,
3427,non-urban,,,
3431,non-urban,,,
3433,urban,,,
3436,urban,,,
3437,urban,,,
3438,urban,,,
3439,non-urban,,,
3440,urban,,,
3441,urban,,,
3442,urban,,,
3444,urban,,,
3445,urban,,,
3446,non-urban,,,
3451,non-urban,,,
3452,non-urban,,,
3454,urban,,,
3455,urban,,,
3457,urban,,,
3458,urban,,,
3459,urban,,,
3460,urban,,,
3462,urban,,,
3463,non-urban,,,
3468,urban,,,
3472,non-urban,,,
3473,urban,,,
3475,non-urban,,,
3476,urban,,,
3477,urban,,,
3479,urban,,,
3485,urban,,,
3486,urban,,,
3493,urban,,,
3494,urban,,,
3498,urban,,,
3499,non-urban,,,
3500,urban,,,
3501,urban,,,
3505,non-urban,,,
3507,urban,,,
3508,urban,,,
3509,urban,,,
3510,urban,,,
3512,urban,,,
3513,urban,,,
3514,urban,,,
3516,urban,,,
3518,urban,,,
3522,non-urban,,,
3523,urban,,,
3525,urban,,,
3526,urban,,,
3532,non-urban,,,
3533,urban,,,
3534,urban,,,
3536,non-urban,,,
3537,urban,,,
3538,urban,,,
3540,urban,,,
3541,urban,,,
3542,urban,,,
3545,urban,,,
3546,urban,,,
3548,urban,,,
3549,urban,,,
3551,non-urban,,,
3555,urban,,,
3556,urban,,,
3560,urban,,,
3561,urban,,,
3564,urban,,,
3565,urban,,,
3566,urban,,,
3567,urban,,,
3569,urban,,,
3570,non-urban,,,
3572,urban,,,
3575,urban,,,
3576,urban,,,
3577,urban,,,
3578,non-urban,,,
3579,urban,,,
3581,urban,,,
3585,urban,,,
3586,urban,,,
3587,urban,,,
3589,urban,,,
3590,urban,,,
3591,urban,,,
3592,urban,,,
3593,urban,,,
3594,non-urban,,,
3595,urban,,,
3596,urban,,,
3597,urban,,,
3598,urban,,,
3599,urban,,,
3602,urban,,,
3603,urban,,,
3606,urban,,,
3610,non-urban,,,
3612,urban,,,
3613,urban,,,
3615,urban,,,
3617,urban,,,
3619,non-urban,,,
3625,urban,,,
3626,non-urban,,,
3628,urban,,,
3636,non-urban,,,
3637,urban,,,
3638,urban,,,
3639,urban,,,
3640,urban,,,
3641,urban,,,
3642,urban,,,
3644,urban,,,
3646,urban,,,
3648,urban,,,
3650,urban,,,
3651,urban,,,
3654,non-urban,,,
3656,non-urban,,,
3657,urban,,,
3660,non-urban,,,
3663,urban,,,
3664,urban,,,
3665,urban,,,
3666,urban,,,
3670,urban,,,
3672,non-urban,,,
3673,urban,,,
3674,urban,,,
3675,urban,,,
3680,non-urban,,,
3681,urban,,,
3685,urban,,,
3686,urban,,,
3687,urban,,,
3693,non-urban,,,
3694,urban,,,
3695,urban,,,
3696,urban,,,
3697,urban,,,
3698,urban,,,
3699,urban,,,
3700,urban,,,
3701,non-urban,,,
3704,urban,,,
3706,urban,,,
3709,urban,,,
3710,non-urban,,,
3713,urban,,,
3714,non-urban,,,
3717,urban,,,
3720,non-urban,,,
3721,urban,,,
3722,urban,,,
3724,non-urban,,,
3725,urban,,,
3727,non-urban,,,
3729,urban,,,
3730,urban,,,
3731,urban,,,
3732,non-urban,,,
3733,non-urban,,,
3734,urban,,,
3740,urban,,,
3741,non-urban,,,
3742,non-urban,,,
3743,urban,,,
3744,urban,,,
3745,non-urban,,,
3749,urban,,,
3752,non-urban,,,
3754,non-urban,,,
3757,urban,,,
3758,urban,,,
3759,urban,,,
3760,urban,,,
3761,urban,,,
3765,urban,,,
3766,urban,,,
3767,non-urban,,,
3768,non-urban,,,
3770,urban,,,
3772,urban,,,
3773,urban,,,
3774,urban,,,
3776,urban,,,
3780,non-urban,,,
3783,urban,,,
3784,urban,,,
3791,urban,,,
3792,urban,,,
3795,non-urban,,,
3796,urban,,,
3797,urban,,,
3799,urban,,,
3801,urban,,,
3803,urban,,,
3806,urban,,,
3810,urban,,,
3813,urban,,,
3815,urban,,,
3816,urban,,,
3817,non-urban,,,
3818,urban,,,
3819,urban,,,
3821,non-urban,,,
3823,urban,,,
3824,non-urban,,,
3833,urban,,,
3836,urban,,,
3838,urban,,,
3839,non-urban,,,
3840,urban,,,
3842,urban,,,
3843,urban,,,
3844,urban,,,
3845,non-urban,,,
3842,urban,,,
3843,urban,,,
3844,urban,,,
3845,urban,,,
3846,urban,,,
3848,urban,,,
3849,urban,,,
3850,non-urban,,,
3851,urban,,,
3853,non-urban,,,
3855,urban,,,
3857,urban,,,
3858,urban,,,
3861,urban,,,
3862,urban,,,
3863,urban,,,
3865,urban,,,
3867,non-urban,,,
3871,urban,,,
3875,urban,,,
3876,urban,,,
3877,urban,,,
3882,urban,,,
3884,urban,,,
3887,urban,,,
3888,non-urban,,,
3889,non-urban,,,
3893,urban,,,
3895,non-urban,,,
3896,urban,,,
3900,urban,,,
3903,urban,,,
3904,urban,,,
3906,urban,,,
3908,urban,,,
3910,urban,,,
3911,urban,,,
3912,urban,,,
3913,non-urban,,,
3917,urban,,,
3918,urban,,,
3919,urban,,,
3921,urban,,,
3922,urban,,,
3925,urban,,,
3927,urban,,,
3928,non-urban,,,
3929,urban,,,
3930,urban,,,
3933,urban,,,
3935,urban,,,
3936,urban,,,
3939,urban,,,
3940,non-urban,,,
3941,urban,,,
3942,urban,,,
3944,urban,,,
3947,urban,,,
3949,urban,,,
3951,urban,,,
3952,urban,,,
3953,urban,,,
3954,urban,,,
3955,urban,,,
3957,urban,,,
3959,non-urban,,,
3960,urban,,,
3963,urban,,,
3966,urban,,,
3967,urban,,,
3968,urban,,,
3971,urban,,,
3973,urban,,,
3973,urban,,,
3974,urban,,,
3976,urban,,,
3978,urban,,,
3979,urban,,,
3983,urban,,,
3985,urban,,,
3987,non-urban,,,
3988,non-urban,,,
3989,urban,,,
3990,urban,,,
3991,urban,,,
3993,urban,,,
3994,non-urban,,,
3995,urban,,,
3997,urban,,,
3999,urban,,,
4005,non-urban,,,
4006,non-urban,,,
4012,urban,,,
4013,non-urban,,,
4014,urban,,,
4015,urban,,,
4017,urban,,,
4018,urban,,,
4019,urban,,,
4020,urban,,,
4022,urban,,,
4023,urban,,,
4024,urban,,,
4025,non-urban,,,
4029,urban,,,
4030,urban,,,
4031,urban,,,
4035,urban,,,
4037,non-urban,,,
4039,urban,,,
4043,non-urban,,,
4044,urban,,,
4046,non-urban,,,
4047,urban,,,
4050,urban,,,
4052,urban,,,
4053,urban,,,
4054,urban,,,
4056,urban,,,
4057,urban,,,
4058,urban,,,
4060,urban,,,
4062,urban,,,
4066,urban,,,
4067,urban,,,
4069,non-urban,,,
4070,non-urban,,,
4071,urban,,,
4073,urban,,,
4075,non-urban,,,
4076,urban,,,
4078,urban,,,
4080,urban,,,
4084,urban,,,
4086,urban,,,
4088,urban,,,
4090,urban,,,
4093,urban,,,
4094,urban,,,
4097,urban,,,
4099,urban,,,
4102,urban,,,
4103,urban,,,
4106,urban,,,
4112,non-urban,,,
4114,urban,,,
4115,urban,,,
4123,non-urban,,,
4127,urban,,,
4133,non-urban,,,
4134,urban,,,
4135,urban,,,
4139,urban,,,
4141,urban,,,
4144,urban,,,
4145,urban,,,
4146,urban,,,
4147,urban,,,
4151,non-urban,,,
4159,non-urban,,,
4165,urban,,,
4166,urban,,,
4167,urban,,,
4169,urban,,,
4170,urban,,,
4176,non-urban,,,
4177,urban,,,
4178,urban,,,
4179,urban,,,
4180,urban,,,
4181,urban,,,
4182,non-urban,,,
4183,urban,,,
4184,urban,,,
4186,urban,,,
4192,urban,,,
4193,urban,,,
4194,urban,,,
4197,urban,,,
4198,urban,,,
4199,urban,,,
4200,urban,,,
4201,non-urban,,,
4203,non-urban,,,
4204,urban,,,
4208,urban,,,
4211,non-urban,,,
4212,urban,,,
4216,urban,,,
4217,urban,,,
4218,urban,,,
4219,urban,,,
4225,urban,,,
4227,urban,,,
4229,urban,,,
4230,non-urban,,,
4231,urban,,,
4233,urban,,,
4234,urban,,,
4235,urban,,,
4236,urban,,,
4238,urban,,,
4240,urban,,,
4244,urban,,,
4245,urban,,,
4247,urban,,,
4252,urban,,,
4253,urban,,,
4257,urban,,,
4258,non-urban,,,
4261,urban,,,
4262,urban,,,
4264,urban,,,
4265,urban,,,
4266,non-urban,,,
4267,urban,,,
4268,urban,,,
4269,urban,,,
4272,urban,,,
4273,urban,,,
4274,urban,,,
4276,non-urban,,,
4279,non-urban,,,
4283,urban,,,
4286,urban,,,
4287,non-urban,,,
4292,non-urban,,,
4296,urban,,,
4297,urban,,,
4302,urban,,,
4304,urban,,,
4308,urban,,,
4310,non-urban,,,
4313,urban,,,
4315,urban,,,
4316,urban,,,
4317,urban,,,
4320,non-urban,,,
4322,urban,,,
4325,urban,,,
4328,urban,,,
4331,urban,,,
4332,non-urban,,,
4333,urban,,,
4334,urban,,,
4346,urban,,,
4347,non-urban,,,
4351,urban,,,
4354,non-urban,,,
4355,urban,,,
4356,non-urban,,,
4357,non-urban,,,
4358,urban,,,
4359,urban,,,
4361,urban,,,
4365,non-urban,,,
4366,urban,,,
4371,urban,,,
4372,urban,,,
4375,non-urban,,,
4376,urban,,,
4378,urban,,,
4379,urban,,,
4380,non-urban,,,
4381,urban,,,
4382,urban,,,
4386,urban,,,
4387,urban,,,
4389,urban,,,
4390,urban,,,
4394,non-urban,,,
4395,non-urban,,,
4399,non-urban,,,
4400,urban,,,
4405,urban,,,
4408,urban,,,
4409,urban,,,
4410,urban,,,
4411,urban,,,
4412,non-urban,,,
4413,urban,,,
4416,non-urban,,,
4417,urban,,,
4427,urban,,,
4428,non-urban,,,
4431,urban,,,
4431,urban,,,
4432,urban,,,
4436,urban,,,
4441,non-urban,,,
4442,urban,,,
4445,non-urban,,,
4446,non-urban,,,
4448,non-urban,,,
4449,urban,,,
4451,urban,,,
4453,non-urban,,,
4455,urban,,,
4463,non-urban,,,
4464,non-urban,,,
4466,urban,,,
4467,urban,,,
4468,urban,,,
4471,non-urban,,,
4473,non-urban,,,
4476,non-urban,,,
4477,non-urban,,,
4478,urban,,,
4479,urban,,,
4484,urban,,,
4488,urban,,,
4492,urban,,,
4495,urban,,,
4497,urban,,,
4498,non-urban,,,
4499,urban,,,
4500,urban,,,
4503,urban,,,
4504,urban,,,
4505,non-urban,,,
4506,non-urban,,,
4507,urban,,,
4509,urban,,,
4510,urban,,,
4512,urban,,,
4514,urban,,,
4515,non-urban,,,
4518,urban,,,
4522,non-urban,,,
4523,non-urban,,,
4524,urban,,,
4525,non-urban,,,
4533,urban,,,
4535,non-urban,,,
4536,urban,,,
4537,urban,,,
4538,non-urban,,,
4539,non-urban,,,
4543,urban,,,
4544,non-urban,,,
4545,non-urban,,,
4546,urban,,,
4550,non-urban,,,
4552,non-urban,,,
4554,non-urban,,,
4555,urban,,,
4558,urban,,,
4559,urban,,,
4560,urban,,,
4561,urban,,,
4563,urban,,,
4564,urban,,,
4565,urban,,,
4571,non-urban,,,
4572,urban,,,
4575,non-urban,,,
4577,urban,,,
4579,non-urban,,,
4580,urban,,,
4583,urban,,,
4584,urban,,,
4586,urban,,,
4590,urban,,,
4592,urban,,,
4593,urban,,,
4594,urban,,,
4595,urban,,,
4597,urban,,,
4600,urban,,,
4601,urban,,,
4602,urban,,,
4604,urban,,,
4605,urban,,,
4606,non-urban,,,
4607,non-urban,,,
4613,non-urban,,,
4614,urban,,,
4616,urban,,,
4617,urban,,,
4619,urban,,,
4621,urban,,,
4623,urban,,,
4625,non-urban,,,
4627,urban,,,
4628,non-urban,,,
4631,urban,,,
4635,urban,,,
4637,urban,,,
4639,urban,,,
4641,urban,,,
4642,urban,,,
4643,urban,,,
4645,urban,,,
4646,non-urban,,,
4653,urban,,,
4654,urban,,,
4656,non-urban,,,
4659,urban,,,
4661,non-urban,,,
4662,non-urban,,,
4663,urban,,,
4664,urban,,,
4670,non-urban,,,
4671,urban,,,
4674,urban,,,
4675,urban,,,
4676,urban,,,
4677,urban,,,
4678,urban,,,
4681,non-urban,,,
4584,urban,,,
4690,urban,,,
4696,urban,,,
4701,urban,,,
4702,non-urban,,,
4703,urban,,,
4704,urban,,,
4707,urban,,,
4712,urban,,,
4719,non-urban,,,
4723,urban,,,
4727,non-urban,,,
4728,urban,,,
4729,urban,,,
4731,urban,,,
4733,urban,,,
4736,urban,,,
4741,non-urban,,,
4747,urban,,,
4749,urban,,,
4750,urban,,,
4751,urban,,,
4754,urban,,,
4755,urban,,,
4757,urban,,,
4758,urban,,,
4760,non-urban,,,
4761,non-urban,,,
4765,non-urban,,,
4767,non-urban,,,
4771,urban,,,
4772,urban,,,
4774,urban,,,
4775,urban,,,
4778,urban,,,
4779,urban,,,
4780,urban,,,
4781,urban,,,
4784,urban,,,
4785,urban,,,
4786,urban,,,
4789,non-urban,,,
4793,urban,,,
4794,non-urban,,,
4795,non-urban,,,
4796,urban,,,
4798,urban,,,
4801,urban,,,
4802,urban,,,
4803,urban,,,
4805,non-urban,,,
4808,urban,,,
4809,urban,,,
4812,urban,,,
4818,urban,,,
4819,urban,,,
4820,urban,,,
4823,urban,,,
4824,urban,,,
4826,urban,,,
4827,urban,,,
4828,urban,,,
4833,urban,,,
4834,urban,,,
4836,urban,,,
4837,urban,,,
4838,urban,,,
4840,non-urban,,,
4841,urban,,,
4842,urban,,,
4844,urban,,,
4845,urban,,,
4847,non-urban,,,
4853,urban,,,
4854,urban,,,
4855,urban,,,
4856,non-urban,,,
4857,urban,,,
4865,urban,,,
4866,urban,,,
4869,urban,,,
4870,urban,,,
4872,urban,,,
4876,urban,,,
4877,urban,,,
4878,non-urban,,,
4879,urban,,,
4880,urban,,,
4882,urban,,,
4883,urban,,,
4884,urban,,,
4886,non-urban,,,
4889,urban,,,
4890,non-urban,,,
4894,urban,,,
4897,urban,,,
4899,urban,,,
4900,urban,,,
4901,urban,,,
4906,urban,,,
4908,urban,,,
4910,urban,,,
4911,urban,,,
4913,urban,,,
4915,urban,,,
4916,urban,,,
4919,urban,,,
4922,urban,,,
4923,urban,,,
4925,urban,,,
4930,urban,,,
4933,non-urban,,,
4936,non-urban,,,
4937,urban,,,
4939,non-urban,,,
4940,urban,,,
4945,urban,,,
4950,urban,,,
4951,non-urban,,,
4952,urban,,,
4955,urban,,,
4957,non-urban,,,
4961,urban,,,
4964,urban,,,
4965,urban,,,
4967,urban,,,
4968,urban,,,
4969,urban,,,
4970,urban,,,
4971,urban,,,
4972,urban,,,
4973,urban,,,
4975,urban,,,
4977,urban,,,
4978,urban,,,
4980,urban,,,
4982,urban,,,
4984,non-urban,,,
4987,urban,,,
4991,urban,,,
4992,urban,,,
4997,urban,,,
5000,urban,,,
5003,urban,,,
5005,urban,,,
5006,urban,,,
5007,urban,,,
5009,urban,,,
5011,urban,,,
5012,urban,,,
5016,urban,,,
5018,urban,,,
5020,non-urban,,,
5022,non-urban,,,
5025,urban,,,
5027,urban,,,
5029,urban,,,
5030,urban,,,
5031,urban,,,
5033,urban,,,
5035,urban,,,
5039,urban,,,
5042,urban,,,
5043,urban,,,
5044,urban,,,
5046,urban,,,
5047,non-urban,,,
5048,urban,,,
5051,urban,,,
5059,urban,,,
5060,urban,,,
5061,urban,,,
5066,non-urban,,,
5069,urban,,,
5071,urban,,,
5076,urban,,,
5083,urban,,,
5084,urban,,,
5085,urban,,,
5087,urban,,,
5088,urban,,,
5089,non-urban,,,
5091,non-urban,,,
5092,non-urban,,,
5096,urban,,,
5097,urban,,,
5098,urban,,,
5099,urban,,,
5100,non-urban,,,
5102,urban,,,
5104,urban,,,
5106,urban,,,
5107,urban,,,
5111,urban,,,
5114,urban,,,
5115,urban,,,
5116,urban,,,
5117,non-urban,,,
5118,urban,,,
5119,urban,,,
5123,non-urban,,,
5126,urban,,,
5129,urban,,,
5130,non-urban,,,
5131,urban,,,
5132,urban,,,
5134,urban,,,
5137,urban,,,
5142,urban,,,
5146,urban,,,
5148,urban,,,
5150,urban,,,
5151,urban,,,
5152,urban,,,
5154,urban,,,
5159,non-urban,,,
5160,urban,,,
5165,urban,,,
5169,urban,,,
5171,urban,,,
5173,non-urban,,,
5177,urban,,,
5178,urban,,,
5183,non-urban,,,
5186,urban,,,
5187,non-urban,,,
5192,non-urban,,,
5193,urban,,,
5195,urban,,,
5196,urban,,,
5200,urban,,,
5202,non-urban,,,
5203,urban,,,
5204,urban,,,
5205,urban,,,
5207,urban,,,
5208,urban,,,
5209,urban,,,
5210,non-urban,,,
5211,non-urban,,,
5212,urban,,,
5215,urban,,,
5216,urban,,,
5220,urban,,,
5223,non-urban,,,
5224,urban,,,
5225,non-urban,,,
5228,non-urban,,,
5231,urban,,,
5232,urban,,,
5235,urban,,,
5238,non-urban,,,
5239,urban,,,
5243,urban,,,
5245,urban,,,
5247,urban,,,
5248,urban,,,
5250,urban,,,
5252,non-urban,,,
5253,urban,,,
5254,urban,,,
5257,urban,,,
5258,urban,,,
5259,urban,,,
5261,urban,,,
5263,urban,,,
5264,urban,,,
5265,urban,,,
5266,urban,,,
5269,urban,,,
5270,urban,,,
5272,non-urban,,,
5277,urban,,,
5278,urban,,,
5281,urban,,,
5283,urban,,,
5285,urban,,,
5286,urban,,,
5288,urban,,,
5290,non-urban,,,
5291,urban,,,
5293,urban,,,
5294,urban,,,
5295,urban,,,
5300,non-urban,,,
5301,urban,,,
5302,non-urban,,,
5303,urban,,,
5305,non-urban,,,
5306,urban,,,
5310,non-urban,,,
5314,non-urban,,,
5317,urban,,,
5320,urban,,,
5324,urban,,,
5326,urban,,,
5327,urban,,,
5331,non-urban,,,
5332,urban,,,
5339,non-urban,,,
5340,urban,,,
5344,urban,,,
5346,urban,,,
5348,urban,,,
5351,urban,,,
5352,urban,,,
5353,urban,,,
5354,urban,,,
5355,urban,,,
5356,urban,,,
5357,urban,,,
5358,urban,,,
5361,non-urban,,,
5362,urban,,,
5364,urban,,,
5367,urban,,,
5370,urban,,,
5373,urban,,,
5374,urban,,,
5376,urban,,,
5380,urban,,,
5382,urban,,,
5383,urban,,,
5384,non-urban,,,
5387,urban,,,
5388,urban,,,
5392,urban,,,
5393,non-urban,,,
5394,urban,,,
5395,non-urban,,,
5396,non-urban,,,
5397,urban,,,
5398,urban,,,
5399,urban,,,
5400,urban,,,
5401,non-urban,,,
5402,non-urban,,,
5403,urban,,,
5406,urban,,,
5407,urban,,,
5408,urban,,,
5409,urban,,,
5410,urban,,,
5411,urban,,,
5412,urban,,,
5414,urban,,,
5416,urban,,,
5417,urban,,,
5418,urban,,,
5419,urban,,,
5420,non-urban,,,
5421,non-urban,,,
5424,non-urban,,,
5425,non-urban,,,
5428,urban,,,
5432,urban,,,
5433,urban,,,
5439,urban,,,
5440,non-urban,,,
5442,non-urban,,,
5446,non-urban,,,
5451,non-urban,,,
5454,urban,,,
5455,urban,,,
5456,non-urban,,,
5457,non-urban,,,
5462,urban,,,
5463,urban,,,
5464,non-urban,,,
5468,non-urban,,,
5469,non-urban,,,
5470,non-urban,,,
5475,urban,,,
5478,non-urban,,,
5480,urban,,,
5483,urban,,,
5485,non-urban,,,
5488,urban,,,
5490,urban,,,
5491,urban,,,
5492,urban,,,
5493,non-urban,,,
5496,urban,,,
5497,urban,,,
5499,urban,,,
5500,non-urban,,,
5501,non-urban,,,
5506,urban,,,
5507,urban,,,
5508,non-urban,,,
5509,urban,,,
5512,urban,,,
5513,non-urban,,,
5516,urban,,,
5517,urban,,,
5518,urban,,,
5519,urban,,,
5520,urban,,,
5521,urban,,,
5522,non-urban,,,
5524,urban,,,
5526,urban,,,
5527,urban,,,
5529,non-urban,,,
5530,urban,,,
5533,urban,,,
5535,urban,,,
5537,urban,,,
5539,urban,,,
5541,urban,,,
5543,non-urban,,,
5547,urban,,,
5548,urban,,,
5549,non-urban,,,
5550,non-urban,,,
5553,urban,,,
5554,urban,,,
5561,urban,,,
5562,urban,,,
5563,non-urban,,,
5564,urban,,,
5567,urban,,,
5568,urban,,,
5569,urban,,,
5574,non-urban,,,
5575,urban,,,
5578,urban,,,
5579,urban,,,
5583,non-urban,,,
5585,urban,,,
5591,urban,,,
5592,urban,,,
5593,non-urban,,,
5594,urban,,,
5597,non-urban,,,
5598,urban,,,
5599,non-urban,,,
5604,urban,,,
5605,urban,,,
5606,urban,,,
5607,non-urban,,,
5608,urban,,,
5609,urban,,,
5611,urban,,,
5612,non-urban,,,
5614,non-urban,,,
5615,urban,,,
5620,non-urban,,,
5621,non-urban,,,
5622,urban,,,
5624,non-urban,,,
5626,urban,,,
5627,urban,,,
5628,urban,,,
5629,urban,,,
5632,urban,,,
5636,non-urban,,,
5637,urban,,,
5641,non-urban,,,
5644,non-urban,,,
5645,urban,,,
5646,non-urban,,,
5647,urban,,,
5648,urban,,,
5651,urban,,,
5654,urban,,,
5655,non-urban,,,
5657,non-urban,,,
5661,urban,,,
5663,urban,,,
5665,urban,,,
5666,urban,,,
5667,urban,,,
5670,urban,,,
5671,urban,,,
5674,urban,,,
5675,urban,,,
5678,non-urban,,,
5679,urban,,,
5681,non-urban,,,
5682,urban,,,
5684,urban,,,
5686,urban,,,
5688,urban,,,
5690,urban,,,
5691,urban,,,
5692,urban,,,
5693,non-urban,,,
5694,urban,,,
5696,urban,,,
5697,urban,,,
5701,non-urban,,,
5702,non-urban,,,
5705,urban,,,
5710,urban,,,
5711,urban,,,
5715,urban,,,
5716,urban,,,
5718,urban,,,
5719,non-urban,,,
5720,urban,,,
5721,urban,,,
5722,non-urban,,,
5723,urban,,,
5726,non-urban,,,
5730,non-urban,,,
5732,urban,,,
5733,non-urban,,,
5734,non-urban,,,
5737,urban,,,
5738,urban,,,
5742,urban,,,
5742,urban,,,
5748,urban,,,
5749,non-urban,,,
5750,urban,,,
5752,non-urban,,,
5753,non-urban,,,
5755,non-urban,,,
5756,non-urban,,,
5758,urban,,,
5759,urban,,,
5761,urban,,,
5764,urban,,,
5766,urban,,,
5767,non-urban,,,
5768,urban,,,
5769,urban,,,
5770,urban,,,
5771,urban,,,
5772,non-urban,,,
5773,urban,,,
5774,non-urban,,,
5775,urban,,,
5776,urban,,,
5778,urban,,,
5778,urban,,,
5780,urban,,,
5781,urban,,,
5788,urban,,,
5789,urban,,,
5791,urban,,,
5792,urban,,,
5795,urban,,,
5797,urban,,,
5798,urban,,,
5799,non-urban,,,
5802,urban,,,
5804,urban,,,
5808,urban,,,
5809,non-urban,,,
5810,urban,,,
5813,urban,,,
5814,urban,,,
5815,urban,,,
5816,urban,,,
5817,urban,,,
5823,non-urban,,,
5824,urban,,,
5825,urban,,,
5828,urban,,,
5830,urban,,,
5831,urban,,,
5832,urban,,,
5833,non-urban,,,
5835,urban,,,
5836,urban,,,
5837,urban,,,
5838,urban,,,
5842,urban,,,
5844,urban,,,
5845,non-urban,,,
5846,urban,,,
5847,urban,,,
5848,urban,,,
5849,non-urban,,,
5850,urban,,,
5853,urban,,,
5858,urban,,,
5860,urban,,,
5861,urban,,,
5862,non-urban,,,
5863,urban,,,
5865,urban,,,
5866,urban,,,
5867,non-urban,,,
5868,urban,,,
5769,non-urban,,,
5871,urban,,,
5872,urban,,,
5874,non-urban,,,
5875,non-urban,,,
5877,non-urban,,,
5880,non-urban,,,
5884,urban,,,
5886,urban,,,
5888,urban,,,
5890,urban,,,
5891,urban,,,
5895,non-urban,,,
5896,urban,,,
5897,urban,,,
5898,urban,,,
5902,urban,,,
5904,urban,,,
5908,urban,,,
5915,urban,,,
5920,urban,,,
5924,urban,,,
5928,urban,,,
5929,urban,,,
5930,non-urban,,,
5932,urban,,,
5934,non-urban,,,
5936,urban,,,
5937,urban,,,
5940,urban,,,
5941,non-urban,,,
5942,non-urban,,,
5943,urban,,,
5945,urban,,,
5946,urban,,,
5950,urban,,,
5951,non-urban,,,
5953,urban,,,
5954,urban,,,
5956,urban,,,
5957,urban,,,
5959,urban,,,
5960,urban,,,
5964,urban,,,
5966,urban,,,
5967,urban,,,
5968,urban,,,
5971,urban,,,
5973,urban,,,
5974,non-urban,,,
5976,urban,,,
5977,urban,,,
5979,urban,,,
5980,urban,,,
5983,urban,,,
5987,urban,,,
5989,urban,,,
5990,non-urban,,,
5991,urban,,,
5992,urban,,,
5993,non-urban,,,
5995,non-urban,,,
5998,non-urban,,,
6000,urban,,,
6004,non-urban,,,
6006,urban,,,
6007,urban,,,
6011,urban,,,
6015,non-urban,,,
6017,non-urban,,,
6018,urban,,,
6019,non-urban,,,
6020,urban,,,
6021,urban,,,
6022,urban,,,
6025,urban,,,
6032,urban,,,
6035,urban,,,
6037,urban,,,
6040,urban,,,
6049,urban,,,
6051,urban,,,
6053,urban,,,
6055,urban,,,
6056,urban,,,
6059,non-urban,,,
6064,urban,,,
6065,urban,,,
6069,urban,,,
6072,urban,,,
6073,urban,,,
6076,urban,,,
6079,non-urban,,,
6080,non-urban,,,
6081,non-urban,,,
6082,urban,,,
6084,urban,,,
6089,urban,,,
6090,urban,,,
6091,urban,,,
6092,urban,,,
6094,non-urban,,,
6099,non-urban,,,
6101,urban,,,
6104,urban,,,
6105,non-urban,,,
6108,urban,,,
6109,urban,,,
6111,urban,,,
6112,urban,,,
6113,urban,,,
6119,urban,,,
6120,non-urban,,,
6124,urban,,,
6128,non-urban,,,
6129,non-urban,,,
6131,urban,,,
6132,urban,,,
6134,non-urban,,,
6135,urban,,,
6137,urban,,,
6138,urban,,,
6140,non-urban,,,
6141,urban,,,
6142,urban,,,
6143,urban,,,
6145,urban,,,
6147,urban,,,
6149,urban,,,
6150,urban,,,
6153,non-urban,,,
6155,urban,,,
6157,urban,,,
6158,urban,,,
6159,non-urban,,,
6160,non-urban,,,
6162,urban,,,
6164,urban,,,
6166,urban,,,
6170,non-urban,,,
6171,urban,,,
6172,urban,,,
6174,urban,,,
6175,urban,,,
6178,non-urban,,,
6179,urban,,,
6180,urban,,,
6181,non-urban,,,
6183,urban,,,
6184,non-urban,,,
6188,urban,,,
6189,urban,,,
6191,urban,,,
6192,urban,,,
6197,urban,,,
6199,urban,,,
6200,urban,,,
6201,urban,,,
6203,urban,,,
6205,non-urban,,,
6206,non-urban,,,
6207,non-urban,,,
6209,non-urban,,,
6211,urban,,,
6212,non-urban,,,
6214,non-urban,,,
6216,non-urban,,,
6217,non-urban,,,
6218,non-urban,,,
6220,urban,,,
6220,urban,,,
6221,non-urban,,,
6223,non-urban,,,
6224,urban,,,
6225,urban,,,
6226,urban,,,
6230,urban,,,
6231,urban,,,
6234,non-urban,,,
6235,urban,,,
6236,urban,,,
6237,urban,,,
6239,non-urban,,,
6241,urban,,,
6242,non-urban,,,
6243,urban,,,
6245,urban,,,
6248,urban,,,
6251,urban,,,
6252,non-urban,,,
6253,urban,,,
6254,non-urban,,,
6255,urban,,,
6256,urban,,,
6257,urban,,,
6259,urban,,,
6260,urban,,,
6261,urban,,,
6262,urban,,,
6264,non-urban,,,
6268,urban,,,
6271,urban,,,
6277,urban,,,
6279,urban,,,
6281,urban,,,
6283,non-urban,,,
6284,urban,,,
6285,urban,,,
6289,non-urban,,,
6290,non-urban,,,
6291,urban,,,
6292,urban,,,
6293,urban,,,
6294,urban,,,
6295,urban,,,
6296,urban,,,
6298,urban,,,
6299,urban,,,
6303,urban,,,
6304,urban,,,
6307,urban,,,
6308,urban,,,
6309,non-urban,,,
6310,urban,,,
6311,non-urban,,,
6313,urban,,,
6318,urban,,,
6319,urban,,,
6320,urban,,,
6323,urban,,,
6325,urban,,,
6326,non-urban,,,
6327,non-urban,,,
6328,urban,,,
6329,urban,,,
6330,urban,,,
6335,urban,,,
6336,urban,,,
6337,urban,,,
6341,urban,,,
6346,urban,,,
6347,urban,,,
6350,urban,,,
6352,urban,,,
6358,urban,,,
6359,urban,,,
6361,urban,,,
6362,urban,,,
6363,urban,,,
6365,urban,,,
6367,non-urban,,,
6373,urban,,,
6376,non-urban,,,
6375,urban,,,
6376,urban,,,
6378,urban,,,
6382,urban,,,
6383,urban,,,
6384,non-urban,,,
6387,urban,,,
6389,urban,,,
6390,urban,,,
6392,urban,,,
6397,urban,,,
6398,non-urban,,,
6399,urban,,,
6400,urban,,,
6401,urban,,,
6402,non-urban,,,
6404,urban,,,
6408,non-urban,,,
6412,urban,,,
6413,non-urban,,,
6414,urban,,,
6418,urban,,,
6419,urban,,,
6421,urban,,,
6422,urban,,,
6428,urban,,,
6429,urban,,,
6430,non-urban,,,
6431,urban,,,
6432,urban,,,
6438,urban,,,
6443,urban,,,
6447,non-urban,,,
6448,urban,,,
6449,urban,,,
6450,urban,,,
6455,non-urban,,,
6456,urban,,,
6457,urban,,,
6458,urban,,,
6459,urban,,,
6460,urban,,,
6461,non-urban,,,
6463,urban,,,
6466,urban,,,
6467,urban,,,
6471,urban,,,
6476,non-urban,,,
6479,urban,,,
6480,urban,,,
6485,non-urban,,,
6487,urban,,,
6489,urban,,,
6490,non-urban,,,
6492,non-urban,,,
6494,urban,,,
6495,urban,,,
6499,urban,,,
6500,urban,,,
6501,urban,,,
6502,urban,,,
6504,urban,,,
6509,urban,,,
6510,non-urban,,,
6511,urban,,,
6513,urban,,,
6518,non-urban,,,
6522,urban,,,
6523,urban,,,
6526,urban,,,
6527,urban,,,
6528,urban,,,
6536,urban,,,
6538,urban,,,
6539,urban,,,
6541,urban,,,
6543,urban,,,
6544,non-urban,,,
6545,urban,,,
6546,urban,,,
6547,urban,,,
6550,non-urban,,,
6552,urban,,,
6554,non-urban,,,
6557,urban,,,
6559,urban,,,
6562,urban,,,
6564,urban,,,
6566,non-urban,,,
6567,non-urban,,,
6571,urban,,,
6572,urban,,,
6573,urban,,,
6575,urban,,,
6579,non-urban,,,
6580,urban,,,
6584,non-urban,,,
6585,urban,,,
6587,urban,,,
6589,urban,,,
6591,urban,,,
6594,urban,,,
6598,urban,,,
6599,urban,,,
6600,non-urban,,,
6601,urban,,,
6605,urban,,,
6606,non-urban,,,
6607,urban,,,
6608,urban,,,
6609,urban,,,
6610,urban,,,
6615,non-urban,,,
6616,urban,,,
6617,urban,,,
6619,urban,,,
6620,urban,,,
6621,urban,,,
6622,urban,,,
6627,urban,,,
6630,urban,,,
6631,non-urban,,,
6635,non-urban,,,
6639,urban,,,
6640,non-urban,,,
6642,urban,,,
6644,non-urban,,,
6645,urban,,,
6646,urban,,,
6648,urban,,,
6652,urban,,,
6653,urban,,,
6654,urban,,,
6657,non-urban,,,
6661,urban,,,
6662,urban,,,
6663,urban,,,
6665,non-urban,,,
6668,non-urban,,,
6671,non-urban,,,
6672,urban,,,
6673,urban,,,
6675,urban,,,
6680,non-urban,,,
6681,urban,,,
6683,non-urban,,,
6684,urban,,,
6687,urban,,,
6688,urban,,,
6689,urban,,,
6690,urban,,,
6697,non-urban,,,
6699,urban,,,
6700,urban,,,
6702,urban,,,
6704,urban,,,
6705,non-urban,,,
6706,non-urban,,,
6707,urban,,,
6708,non-urban,,,
6717,urban,,,
6717,non-urban,,,
6718,urban,,,
6721,urban,,,
6722,urban,,,
6724,urban,,,
6727,non-urban,,,
6728,urban,,,
6730,non-urban,,,
6735,urban,,,
6736,urban,,,
6739,non-urban,,,
6740,urban,,,
6742,urban,,,
6743,non-urban,,,
6746,urban,,,
6748,non-urban,,,
6749,urban,,,
6750,urban,,,
6757,non-urban,,,
6763,non-urban,,,
6766,urban,,,
6769,non-urban,,,
6774,non-urban,,,
6775,urban,,,
6776,non-urban,,,
6779,urban,,,
6784,non-urban,,,
6787,non-urban,,,
6788,urban,,,
6790,non-urban,,,
6793,urban,,,
6795,urban,,,
6799,urban,,,
6801,urban,,,
6802,non-urban,,,
6805,urban,,,
6809,urban,,,
6810,urban,,,
6814,urban,,,
6817,urban,,,
6820,urban,,,
6821,non-urban,,,
6823,non-urban,,,
6824,non-urban,,,
6825,urban,,,
6826,non-urban,,,
6827,urban,,,
6830,urban,,,
6831,non-urban,,,
6834,non-urban,,,
6835,urban,,,
6838,non-urban,,,
6839,non-urban,,,
6840,non-urban,,,
6842,urban,,,
6845,urban,,,
6846,urban,,,
6848,urban,,,
6851,non-urban,,,
6857,urban,,,
6859,urban,,,
6861,urban,,,
6864,urban,,,
6865,non-urban,,,
6867,urban,,,
6869,urban,,,
6871,urban,,,
6875,non-urban,,,
6877,urban,,,
6878,urban,,,
6880,non-urban,,,
6883,non-urban,,,
6886,urban,,,
6888,urban,,,
6890,non-urban,,,
6892,urban,,,
6893,non-urban,,,
6894,urban,,,
6896,urban,,,
6902,urban,,,
6904,urban,,,
6905,non-urban,,,
6909,urban,,,
6911,urban,,,
6912,urban,,,
6915,urban,,,
6916,urban,,,
6918,non-urban,,,
6919,urban,,,
6920,urban,,,
6921,non-urban,,,
6923,non-urban,,,
6924,urban,,,
6926,urban,,,
6927,urban,,,
6929,urban,,,
6931,non-urban,,,
6932,urban,,,
6933,non-urban,,,
6934,urban,,,
6935,urban,,,
6939,urban,,,
6940,non-urban,,,
6941,urban,,,
6946,urban,,,
6947,urban,,,
6949,non-urban,,,
6951,urban,,,
6951,urban,,,
6957,urban,,,
6958,urban,,,
6961,urban,,,
6963,non-urban,,,
6965,urban,,,
6966,non-urban,,,
6967,urban,,,
6969,urban,,,
6970,urban,,,
6072,urban,,,
6974,urban,,,
6975,non-urban,,,
6076,urban,,,
6979,urban,,,
6983,urban,,,
6984,urban,,,
6985,urban,,,
6986,urban,,,
6988,non-urban,,,
6991,urban,,,
6993,urban,,,
6995,urban,,,
7002,urban,,,
7004,urban,,,
7007,urban,,,
7009,non-urban,,,
7013,urban,,,
7017,urban,,,
7018,urban,,,
7020,urban,,,
7021,urban,,,
7024,non-urban,,,
7025,urban,,,
7035,urban,,,
7036,urban,,,
7039,urban,,,
7040,non-urban,,,
7041,urban,,,
7044,non-urban,,,
7046,urban,,,
7050,non-urban,,,
7051,urban,,,
7054,urban,,,
7057,non-urban,,,
7058,urban,,,
7060,urban,,,
7062,non-urban,,,
7064,non-urban,,,
7066,urban,,,
7070,urban,,,
7073,urban,,,
7075,urban,,,
7077,urban,,,
7086,non-urban,,,
7090,urban,,,
7092,urban,,,
7093,non-urban,,,
7094,urban,,,
7096,urban,,,
7097,non-urban,,,
7099,urban,,,
7101,urban,,,
7102,urban,,,
7104,non-urban,,,
7105,urban,,,
7106,urban,,,
7107,urban,,,
7108,urban,,,
7111,urban,,,
7113,non-urban,,,
7114,urban,,,
7116,urban,,,
7118,urban,,,
7121,urban,,,
7123,non-urban,,,
7124,urban,,,
7126,urban,,,
7127,non-urban,,,
7128,urban,,,
7129,urban,,,
7134,urban,,,
7137,urban,,,
7140,non-urban,,,
7141,urban,,,
7142,urban,,,
7147,urban,,,
7148,non-urban,,,
7150,urban,,,
7151,urban,,,
7152,urban,,,
7153,non-urban,,,
7155,non-urban,,,
7156,urban,,,
7159,urban,,,
7160,urban,,,
7167,urban,,,
7170,non-urban,,,
7171,urban,,,
7173,non-urban,,,
7175,non-urban,,,
7179,urban,,,
7181,non-urban,,,
7184,urban,,,
7185,urban,,,
7186,urban,,,
7188,urban,,,
7189,urban,,,
7190,non-urban,,,
7191,non-urban,,,
7192,urban,,,
7193,urban,,,
7195,urban,,,
7196,urban,,,
7197,urban,,,
7203,urban,,,
7206,non-urban,,,
7209,urban,,,
7211,urban,,,
7213,urban,,,
7216,urban,,,
7218,urban,,,
7220,non-urban,,,
7222,urban,,,
7223,urban,,,
7224,urban,,,
7226,non-urban,,,
7228,urban,,,
7231,urban,,,
7234,non-urban,,,
7236,urban,,,
7237,urban,,,
7239,non-urban,,,
7241,non-urban,,,
7243,urban,,,
7245,non-urban,,,
7248,urban,,,
7249,urban,,,
7250,non-urban,,,
7251,non-urban,,,
7254,urban,,,
7257,non-urban,,,
7259,urban,,,
7263,urban,,,
7270,non-urban,,,
7276,non-urban,,,
7281,non-urban,,,
7282,urban,,,
7285,non-urban,,,
7286,urban,,,
7293,non-urban,,,
7295,non-urban,,,
7296,urban,,,
7297,non-urban,,,
7298,urban,,,
7301,urban,,,
7305,non-urban,,,
7306,non-urban,,,
7307,urban,,,
7308,urban,,,
7312,urban,,,
7313,urban,,,
7314,urban,,,
7316,urban,,,
7317,urban,,,
7320,urban,,,
7321,urban,,,
7324,urban,,,
7328,urban,,,
7332,non-urban,,,
7333,urban,,,
7334,urban,,,
7335,non-urban,,,
7338,non-urban,,,
7340,urban,,,
7341,non-urban,,,
7346,non-urban,,,
7348,urban,,,
7354,urban,,,
7355,urban,,,
7356,urban,,,
7357,urban,,,
7358,non-urban,,,
7361,urban,,,
7362,urban,,,
7363,non-urban,,,
7365,urban,,,
7366,urban,,,
7367,urban,,,
7368,urban,,,
7370,non-urban,,,
7372,urban,,,
7373,urban,,,
7378,urban,,,
7379,urban,,,
7386,urban,,,
7387,urban,,,
7388,urban,,,
7390,non-urban,,,
7392,urban,,,
7393,urban,,,
7394,urban,,,
7399,non-urban,,,
7400,urban,,,
7404,urban,,,
7406,urban,,,
7408,urban,,,
7414,urban,,,
7417,non-urban,,,
7418,non-urban,,,
7425,non-urban,,,
7427,urban,,,
7428,non-urban,,,
7429,non-urban,,,
7431,non-urban,,,
7432,urban,,,
7438,non-urban,,,
7441,non-urban,,,
7443,urban,,,
7444,non-urban,,,
7446,urban,,,
7451,urban,,,
7452,urban,,,
7454,non-urban,,,
7455,non-urban,,,
7457,urban,,,
7459,non-urban,,,
7460,non-urban,,,
7461,non-urban,,,
7465,non-urban,,,
7471,non-urban,,,
7472,non-urban,,,
7474,non-urban,,,
7476,non-urban,,,
7479,non-urban,,,
3825,non-urban,,,
3121,urban,,,
5435,non-urban,,,
7269,urban,,,
3147,urban,,,
7045,urban,,,
2596,non-urban,,,
505,urban,,,
747,urban,,,
5504,urban,,,
5779,urban,,,
306,non-urban,,,
4457,non-urban,,,
707,non-urban,,,
5438,urban,,,
5503,urban,,,
3415,non-urban,,,
1323,urban,,,
6996,urban,,,
2968,non-urban,,,
3832,non-urban,,,
325,non-urban,,,
95,urban,,,
6972,urban,,,
3831,urban,,,
3786,urban,,,
5870,non-urban,,,
4459,non-urban,,,
6716,urban,,,
3123,urban,,,
3868,urban,,,
3243,non-urban,,,
2597,non-urban,,,
3270,urban,,,
6193,non-urban,,,
3829,non-urban,,,
7001,non-urban,,,
3149,urban,,,
2777,non-urban,,,
3122,urban,,,
865,non-urban,,,
2719,non-urban,,,
5023,urban,,,
6374,non-urban,,,
3151,urban,,,
6976,urban,,,
2593,urban,,,
7143,urban,,,
4461,urban,,,
4344,non-urban,,,
654,non-urban,,,
5502,non-urban,,,
4912,urban,,,
4341,urban,,,
7268,urban,,,
4339,non-urban,,,
3120,urban,,,
2595,urban,,,
3785,urban,,,
2484,non-urban,,,
6952,urban,,,
1987,urban,,,
6691,non-urban,,,
3789,non-urban,,,
3790,urban,,,
425,urban,,,
585,non-urban,,,
3354,non-urban,,,
2039,urban,,,
5851,non-urban,,,
663,urban,,,
1724,non-urban,,,
7264,non-urban,,,
5436,urban,,,
6998,non-urban,,,
3143,urban,,,
4684,urban,,,